{
    "resources": [
        {
            "name": "view/vhProdPulv.fragment.xml"
        },
        {
            "name": "Component.js"
        },
        {
            "name": "model/models.js"
        },
        {
            "name": "model/formatter.js"
        },
        {
            "name": "includes/firma.js"
        },
        {
            "name": "controller/PuntoEntregaSemilla.controller.js"
        },
        {
            "name": "controller/PuntoEntrega.controller.js"
        },
        {
            "name": "controller/Poligono.controller.js"
        },
        {
            "name": "controller/Lotes.controller.js"
        },
        {
            "name": "controller/Componentes.controller.js"
        },
        {
            "name": "controller/BaseController.js"
        },
        {
            "name": "controller/App.controller.js"
        },
        {
            "name": "controller/AgregarInsumo.controller.js"
        },
        {
            "name": "manifest.json"
        },
        {
            "name": "manifest-bundle.zip"
        },
        {
            "name": "Component-preload.js",
            "merged": true
        },
        {
            "name": "controller/PuntoEntregaSemilla-dbg.controller.js",
            "isDebug": true
        },
        {
            "name": "model/formatter-dbg.js",
            "isDebug": true
        },
        {
            "name": "includes/firma-dbg.js",
            "isDebug": true
        },
        {
            "name": "model/models-dbg.js",
            "isDebug": true
        },
        {
            "name": "controller/PuntoEntrega-dbg.controller.js",
            "isDebug": true
        },
        {
            "name": "controller/Poligono-dbg.controller.js",
            "isDebug": true
        },
        {
            "name": "controller/Lotes-dbg.controller.js",
            "isDebug": true
        },
        {
            "name": "controller/Componentes-dbg.controller.js",
            "isDebug": true
        },
        {
            "name": "controller/BaseController-dbg.js",
            "isDebug": true
        },
        {
            "name": "controller/App-dbg.controller.js",
            "isDebug": true
        },
        {
            "name": "controller/AgregarInsumo-dbg.controller.js",
            "isDebug": true
        },
        {
            "name": "Component-dbg.js",
            "isDebug": true
        },
        {
            "name": "../../sap-ui-version.json"
        },
        {
            "name": "i18n/i18n.properties",
            "raw": "i18n/i18n.properties"
        },
        {
            "name": "view/vhProdFert.fragment.xml"
        },
        {
            "name": "view/PuntoEntregaSemilla.view.html"
        },
        {
            "name": "view/PuntoEntrega.view.html"
        },
        {
            "name": "view/ProductosPulv.fragment.xml"
        },
        {
            "name": "view/ProductosFert.fragment.xml"
        },
        {
            "name": "view/Poligono.view.html"
        },
        {
            "name": "view/Poligono.fragment.xml"
        },
        {
            "name": "view/Mapa.fragment.xml"
        },
        {
            "name": "view/Lotes.view.xml"
        },
        {
            "name": "view/EntregaSemilla.fragment.xml"
        },
        {
            "name": "view/Entrega.fragment.xml"
        },
        {
            "name": "view/EnmiendaLote.fragment.xml"
        },
        {
            "name": "view/Enmienda.fragment.xml"
        },
        {
            "name": "view/EditarFEntregaInsumos.fragment.xml"
        },
        {
            "name": "view/EditarFEntrega.fragment.xml"
        },
        {
            "name": "view/EditPulv.fragment.xml"
        },
        {
            "name": "view/EditFert.fragment.xml"
        },
        {
            "name": "view/Disminuir.fragment.xml"
        },
        {
            "name": "view/Componentes.view.xml"
        },
        {
            "name": "view/BusyDialogLote.fragment.xml"
        },
        {
            "name": "view/BusyDialog.fragment.xml"
        },
        {
            "name": "view/AyudaPoligono.fragment.xml"
        },
        {
            "name": "view/AyudaEntregas.fragment.xml"
        },
        {
            "name": "view/App.view.xml"
        },
        {
            "name": "view/AnularInsumo.fragment.xml"
        },
        {
            "name": "view/Anular.fragment.xml"
        },
        {
            "name": "view/AgregarLote.fragment.xml"
        },
        {
            "name": "view/AgregarInsumo.view.xml"
        },
        {
            "name": "media/logo_GHB4.png"
        },
        {
            "name": "media/ayuda2.mp4"
        },
        {
            "name": "media/ayuda1.mp4"
        },
        {
            "name": "css/style.css"
        },
        {
            "name": "index.html"
        }
    ]
}