{
  "view/BusyDialogLote.fragment.xml": 1620151641227,
  "controller/Componentes.controller.js": 1629381312503,
  "model/models.js": 1608744121000,
  "model/formatter.js": 1624985322117,
  "includes/firma.js": 1620746125526,
  "controller/PuntoEntregaSemilla.controller.js": 1629301836758,
  "controller/PuntoEntrega.controller.js": 1620746125502,
  "controller/Poligono.controller.js": 1620746125502,
  "controller/Lotes.controller.js": 1631108981991,
  "manifest.json": 1631109327361,
  "controller/BaseController.js": 1620151780989,
  "controller/App.controller.js": 1612795382981,
  "controller/AgregarInsumo.controller.js": 1631109265414,
  "Component.js": 1629301836754,
  "manifest-bundle.zip": 1631109325721,
  "Component-preload.js": 1631109326948,
  "model/formatter-dbg.js": 1624985322117,
  "model/models-dbg.js": 1608744121000,
  "includes/firma-dbg.js": 1620746125526,
  "controller/PuntoEntregaSemilla-dbg.controller.js": 1629301836758,
  "controller/PuntoEntrega-dbg.controller.js": 1620746125502,
  "controller/Poligono-dbg.controller.js": 1620746125502,
  "controller/Lotes-dbg.controller.js": 1631108981991,
  "controller/Componentes-dbg.controller.js": 1629381312503,
  "controller/BaseController-dbg.js": 1620151780989,
  "controller/App-dbg.controller.js": 1612795382981,
  "controller/AgregarInsumo-dbg.controller.js": 1631109265414,
  "Component-dbg.js": 1629301836754,
  "resources.json": 1631109327365,
  "view/vhProdPulv.fragment.xml": 1625593910630,
  "view/vhProdFert.fragment.xml": 1625593895022,
  "view/PuntoEntregaSemilla.view.html": 1629301836875,
  "view/PuntoEntrega.view.html": 1629301836875,
  "view/ProductosPulv.fragment.xml": 1625593876249,
  "view/ProductosFert.fragment.xml": 1625593853693,
  "view/Poligono.view.html": 1629301836875,
  "view/Poligono.fragment.xml": 1631108572135,
  "view/Nota.fragment.xml": 1629381299823,
  "view/Mapa.fragment.xml": 1624984903868,
  "view/Lotes.view.xml": 1631108572135,
  "view/EntregaSemilla.fragment.xml": 1631108572131,
  "view/Entrega.fragment.xml": 1631108572131,
  "view/EnmiendaLote.fragment.xml": 1620746125478,
  "view/Enmienda.fragment.xml": 1631109134744,
  "view/EditarFEntregaInsumos.fragment.xml": 1620746125482,
  "view/EditarFEntrega.fragment.xml": 1613073964945,
  "view/EditPulv.fragment.xml": 1625593829000,
  "view/EditFert.fragment.xml": 1625593796840,
  "view/Disminuir.fragment.xml": 1613073517387,
  "view/Componentes.view.xml": 1629301836875,
  "i18n/i18n.properties": 1629301836758,
  "view/BusyDialog.fragment.xml": 1614631363518,
  "view/AyudaPoligono.fragment.xml": 1631108572131,
  "view/AyudaEntregas.fragment.xml": 1631108572131,
  "view/App.view.xml": 1612786840328,
  "view/AnularInsumo.fragment.xml": 1613073571251,
  "view/Anular.fragment.xml": 1613073976741,
  "view/AgregarLote.fragment.xml": 1631108572131,
  "view/AgregarInsumo.view.xml": 1629301836875,
  "media/logo_GHB4.png": 1629301836871,
  "media/ayuda2.mp4": 1629301836871,
  "media/ayuda1.mp4": 1629301836803,
  "css/style.css": 1629301836758,
  "index.html": 1629301836758
}