{
  "i18n/i18n.properties": 1615290277392,
  "controller/App.controller.js": 1612795382981,
  "model/models.js": 1608744121000,
  "model/formatter.js": 1620148925168,
  "includes/firma.js": 1620746125526,
  "controller/PuntoEntrega.controller.js": 1620746125502,
  "controller/Poligono.controller.js": 1620746125502,
  "controller/Lotes.controller.js": 1620910766001,
  "controller/Componentes.controller.js": 1620746125502,
  "controller/BaseController.js": 1620151780989,
  "manifest.json": 1620910937663,
  "controller/AgregarInsumo.controller.js": 1620677097799,
  "Component.js": 1612788901124,
  "manifest-bundle.zip": 1620910935565,
  "Component-preload.js": 1620910937075,
  "model/models-dbg.js": 1608744121000,
  "model/formatter-dbg.js": 1620148925168,
  "includes/firma-dbg.js": 1620746125526,
  "controller/PuntoEntrega-dbg.controller.js": 1620746125502,
  "controller/Poligono-dbg.controller.js": 1620746125502,
  "controller/Lotes-dbg.controller.js": 1620910766001,
  "controller/Componentes-dbg.controller.js": 1620746125502,
  "controller/BaseController-dbg.js": 1620151780989,
  "controller/App-dbg.controller.js": 1612795382981,
  "controller/AgregarInsumo-dbg.controller.js": 1620677097799,
  "Component-dbg.js": 1612788901124,
  "resources.json": 1620910937668,
  "view/PuntoEntrega.view.html": 1619638186836,
  "view/Poligono.view.html": 1619638196904,
  "view/Poligono.fragment.xml": 1619638205317,
  "view/Lotes.view.xml": 1620746125478,
  "view/Entrega.fragment.xml": 1619638239550,
  "view/EnmiendaLote.fragment.xml": 1620746125478,
  "view/Enmienda.fragment.xml": 1620746125526,
  "view/EditarFEntregaInsumos.fragment.xml": 1620746125482,
  "view/EditarFEntrega.fragment.xml": 1613073964945,
  "view/Disminuir.fragment.xml": 1613073517387,
  "view/Componentes.view.xml": 1615294953383,
  "view/BusyDialogLote.fragment.xml": 1620151641227,
  "view/BusyDialog.fragment.xml": 1614631363518,
  "view/App.view.xml": 1612786840328,
  "view/AnularInsumo.fragment.xml": 1613073571251,
  "view/Anular.fragment.xml": 1613073976741,
  "view/AgregarLote.fragment.xml": 1620746125478,
  "view/AgregarInsumo.view.xml": 1615303088740,
  "css/style.css": 1620146897827,
  "index.html": 1620141352213
}