{
  "controller/Poligono-dbg.controller.js": 1627333588313,
  "controller/Lotes.controller.js": 1628598525769,
  "model/models.js": 1627333588333,
  "model/formatter.js": 1627333588333,
  "includes/firma.js": 1627333588333,
  "controller/PuntoEntregaSemilla.controller.js": 1627339937183,
  "controller/PuntoEntrega.controller.js": 1627333588313,
  "controller/Poligono.controller.js": 1627333588313,
  "manifest.json": 1628630332722,
  "controller/Componentes.controller.js": 1627333588313,
  "controller/BaseController.js": 1627333588313,
  "controller/App.controller.js": 1627333588313,
  "controller/AgregarInsumo.controller.js": 1627333588313,
  "Component.js": 1627333588309,
  "manifest-bundle.zip": 1628630330828,
  "Component-preload.js": 1628630332126,
  "model/formatter-dbg.js": 1627333588333,
  "model/models-dbg.js": 1627333588333,
  "includes/firma-dbg.js": 1627333588333,
  "controller/PuntoEntregaSemilla-dbg.controller.js": 1627339937183,
  "controller/PuntoEntrega-dbg.controller.js": 1627333588313,
  "i18n/i18n.properties": 1628630260967,
  "controller/Lotes-dbg.controller.js": 1628598525769,
  "controller/Componentes-dbg.controller.js": 1627333588313,
  "controller/BaseController-dbg.js": 1627333588313,
  "controller/App-dbg.controller.js": 1627333588313,
  "controller/AgregarInsumo-dbg.controller.js": 1627333588313,
  "Component-dbg.js": 1627333588309,
  "resources.json": 1628630332729,
  "view/vhProdPulv.fragment.xml": 1627333588345,
  "view/vhProdFert.fragment.xml": 1627333588345,
  "view/PuntoEntregaSemilla.view.html": 1627339875260,
  "view/PuntoEntrega.view.html": 1627333588345,
  "view/ProductosPulv.fragment.xml": 1627333588345,
  "view/ProductosFert.fragment.xml": 1627333588345,
  "view/Poligono.view.html": 1627333588345,
  "view/Poligono.fragment.xml": 1627333588345,
  "view/Mapa.fragment.xml": 1627333588345,
  "view/Lotes.view.xml": 1627333588345,
  "view/EntregaSemilla.fragment.xml": 1627339711048,
  "view/Entrega.fragment.xml": 1627339800248,
  "view/EnmiendaLote.fragment.xml": 1627333588341,
  "view/Enmienda.fragment.xml": 1627333588341,
  "view/EditarFEntregaInsumos.fragment.xml": 1627333588341,
  "view/EditarFEntrega.fragment.xml": 1627333588341,
  "view/EditPulv.fragment.xml": 1627333588341,
  "view/EditFert.fragment.xml": 1627333588341,
  "view/Disminuir.fragment.xml": 1627333588341,
  "view/Componentes.view.xml": 1627333588341,
  "view/BusyDialogLote.fragment.xml": 1627333588341,
  "view/BusyDialog.fragment.xml": 1627333588341,
  "view/App.view.xml": 1627333588341,
  "view/AnularInsumo.fragment.xml": 1627333588333,
  "view/Anular.fragment.xml": 1627333588333,
  "view/AgregarLote.fragment.xml": 1628630206894,
  "view/AgregarInsumo.view.xml": 1627333588333,
  "css/style.css": 1627333588329,
  "index.html": 1627336089782
}