{
  "view/Componentes.view.xml": 1629209780524,
  "controller/PuntoEntregaSemilla.controller.js": 1629206938486,
  "model/models.js": 1629206938562,
  "model/formatter.js": 1629206938562,
  "includes/firma.js": 1629206938486,
  "manifest.json": 1629225138099,
  "controller/PuntoEntrega.controller.js": 1629206938486,
  "controller/Poligono.controller.js": 1629206938486,
  "controller/Lotes.controller.js": 1629224782167,
  "controller/Componentes.controller.js": 1629206938486,
  "controller/BaseController.js": 1629206938486,
  "controller/App.controller.js": 1629206938486,
  "controller/AgregarInsumo.controller.js": 1629214757800,
  "Component.js": 1629222121742,
  "manifest-bundle.zip": 1629225136577,
  "Component-preload.js": 1629225137672,
  "model/models-dbg.js": 1629206938562,
  "model/formatter-dbg.js": 1629206938562,
  "includes/firma-dbg.js": 1629206938486,
  "controller/PuntoEntregaSemilla-dbg.controller.js": 1629206938486,
  "controller/PuntoEntrega-dbg.controller.js": 1629206938486,
  "controller/Poligono-dbg.controller.js": 1629206938486,
  "controller/Lotes-dbg.controller.js": 1629224782167,
  "controller/Componentes-dbg.controller.js": 1629206938486,
  "controller/BaseController-dbg.js": 1629206938486,
  "controller/App-dbg.controller.js": 1629206938486,
  "controller/AgregarInsumo-dbg.controller.js": 1629214757800,
  "Component-dbg.js": 1629222121742,
  "resources.json": 1629225138106,
  "view/vhProdPulv.fragment.xml": 1629206938566,
  "view/vhProdFert.fragment.xml": 1629206938566,
  "view/PuntoEntregaSemilla.view.html": 1629206938566,
  "view/PuntoEntrega.view.html": 1629206938566,
  "view/ProductosPulv.fragment.xml": 1629206938566,
  "view/ProductosFert.fragment.xml": 1629206938566,
  "view/Poligono.view.html": 1629206938566,
  "view/Poligono.fragment.xml": 1629206938566,
  "view/Mapa.fragment.xml": 1629206938566,
  "view/Lotes.view.xml": 1629206938566,
  "view/EntregaSemilla.fragment.xml": 1629206938566,
  "view/Entrega.fragment.xml": 1629206938566,
  "view/EnmiendaLote.fragment.xml": 1629206938566,
  "view/Enmienda.fragment.xml": 1629206938566,
  "view/EditarFEntregaInsumos.fragment.xml": 1629206938566,
  "view/EditarFEntrega.fragment.xml": 1629206938566,
  "view/EditPulv.fragment.xml": 1629206938562,
  "view/EditFert.fragment.xml": 1629206938562,
  "view/Disminuir.fragment.xml": 1629206938562,
  "i18n/i18n.properties": 1629212998982,
  "view/BusyDialogLote.fragment.xml": 1629206938562,
  "view/BusyDialog.fragment.xml": 1629206938562,
  "view/AyudaPoligono.fragment.xml": 1629206938562,
  "view/AyudaEntregas.fragment.xml": 1629206938562,
  "view/App.view.xml": 1629206938562,
  "view/AnularInsumo.fragment.xml": 1629206938562,
  "view/Anular.fragment.xml": 1629206938562,
  "view/AgregarLote.fragment.xml": 1629225117271,
  "view/AgregarInsumo.view.xml": 1629213098335,
  "media/logo_GHB4.png": 1629206938562,
  "media/ayuda2.mp4": 1629206938562,
  "media/ayuda1.mp4": 1629206938518,
  "css/style.css": 1629206938486,
  "index.html": 1629206938486
}