{
  "controller/PuntoEntrega.controller.js": 1627333588313,
  "controller/PuntoEntregaSemilla.controller.js": 1627339937183,
  "model/models.js": 1627333588333,
  "model/formatter.js": 1627333588333,
  "includes/firma.js": 1627333588333,
  "manifest.json": 1628905361001,
  "i18n/i18n.properties": 1628875785110,
  "controller/Poligono.controller.js": 1627333588313,
  "controller/Lotes.controller.js": 1628905153137,
  "controller/Componentes.controller.js": 1627333588313,
  "controller/BaseController.js": 1627333588313,
  "controller/App.controller.js": 1627333588313,
  "controller/AgregarInsumo.controller.js": 1627333588313,
  "Component.js": 1627333588309,
  "manifest-bundle.zip": 1628905359808,
  "Component-preload.js": 1628905360699,
  "controller/PuntoEntrega-dbg.controller.js": 1627333588313,
  "model/formatter-dbg.js": 1627333588333,
  "includes/firma-dbg.js": 1627333588333,
  "controller/PuntoEntregaSemilla-dbg.controller.js": 1627339937183,
  "model/models-dbg.js": 1627333588333,
  "controller/Poligono-dbg.controller.js": 1627333588313,
  "controller/Lotes-dbg.controller.js": 1628905153137,
  "controller/Componentes-dbg.controller.js": 1627333588313,
  "controller/BaseController-dbg.js": 1627333588313,
  "controller/App-dbg.controller.js": 1627333588313,
  "controller/AgregarInsumo-dbg.controller.js": 1627333588313,
  "Component-dbg.js": 1627333588309,
  "resources.json": 1628905361009,
  "view/vhProdPulv.fragment.xml": 1627333588345,
  "view/vhProdFert.fragment.xml": 1627333588345,
  "view/PuntoEntregaSemilla.view.html": 1627339875260,
  "view/PuntoEntrega.view.html": 1627333588345,
  "view/ProductosPulv.fragment.xml": 1627333588345,
  "view/ProductosFert.fragment.xml": 1627333588345,
  "view/Poligono.view.html": 1627333588345,
  "view/Poligono.fragment.xml": 1628795738719,
  "view/Mapa.fragment.xml": 1627333588345,
  "view/Lotes.view.xml": 1627333588345,
  "view/EntregaSemilla.fragment.xml": 1628798935682,
  "view/Entrega.fragment.xml": 1627339800248,
  "view/EnmiendaLote.fragment.xml": 1627333588341,
  "view/Enmienda.fragment.xml": 1627333588341,
  "view/EditarFEntregaInsumos.fragment.xml": 1627333588341,
  "view/EditarFEntrega.fragment.xml": 1627333588341,
  "view/EditPulv.fragment.xml": 1627333588341,
  "view/EditFert.fragment.xml": 1627333588341,
  "view/Disminuir.fragment.xml": 1627333588341,
  "view/Componentes.view.xml": 1627333588341,
  "view/BusyDialogLote.fragment.xml": 1627333588341,
  "view/BusyDialog.fragment.xml": 1627333588341,
  "view/AyudaPoligono.fragment.xml": 1628795272683,
  "view/AyudaEntregas.fragment.xml": 1628795317998,
  "view/App.view.xml": 1627333588341,
  "view/AnularInsumo.fragment.xml": 1627333588333,
  "view/Anular.fragment.xml": 1627333588333,
  "view/AgregarLote.fragment.xml": 1628904712784,
  "view/AgregarInsumo.view.xml": 1627333588333,
  "media/logo_GHB4.png": 1628795156148,
  "media/ayuda2.mp4": 1628795121830,
  "media/ayuda1.mp4": 1628874094237,
  "css/style.css": 1628794689779,
  "index.html": 1627336089782
}