{
  "view/Lotes.view.xml": 1630073964412,
  "controller/PuntoEntregaSemilla.controller.js": 1627339937183,
  "model/models.js": 1627333588333,
  "model/formatter.js": 1627333588333,
  "includes/firma.js": 1627333588333,
  "manifest.json": 1631822580232,
  "controller/PuntoEntrega.controller.js": 1627333588313,
  "controller/Poligono.controller.js": 1627333588313,
  "controller/Lotes.controller.js": 1631822509559,
  "controller/Componentes.controller.js": 1629727714918,
  "controller/BaseController.js": 1627333588313,
  "controller/App.controller.js": 1627333588313,
  "controller/AgregarInsumo.controller.js": 1631147123504,
  "Component.js": 1629238237738,
  "manifest-bundle.zip": 1631822577960,
  "Component-preload.js": 1631822579742,
  "controller/Poligono-dbg.controller.js": 1627333588313,
  "model/formatter-dbg.js": 1627333588333,
  "includes/firma-dbg.js": 1627333588333,
  "controller/PuntoEntregaSemilla-dbg.controller.js": 1627339937183,
  "controller/PuntoEntrega-dbg.controller.js": 1627333588313,
  "model/models-dbg.js": 1627333588333,
  "controller/Lotes-dbg.controller.js": 1631822509559,
  "controller/Componentes-dbg.controller.js": 1629727714918,
  "controller/BaseController-dbg.js": 1627333588313,
  "controller/App-dbg.controller.js": 1627333588313,
  "controller/AgregarInsumo-dbg.controller.js": 1631147123504,
  "Component-dbg.js": 1629238237738,
  "resources.json": 1631822580237,
  "view/vhProdPulv.fragment.xml": 1627333588345,
  "view/vhProdFert.fragment.xml": 1627333588345,
  "view/PuntoEntregaSemilla.view.html": 1629248139970,
  "view/PuntoEntrega.view.html": 1629248086033,
  "view/ProductosPulv.fragment.xml": 1627333588345,
  "view/ProductosFert.fragment.xml": 1627333588345,
  "view/Poligono.view.html": 1629247973008,
  "view/Poligono.fragment.xml": 1629743714190,
  "view/Nota.fragment.xml": 1629727714938,
  "view/Mapa.fragment.xml": 1627333588345,
  "i18n/i18n.properties": 1629238237758,
  "view/EntregaSemilla.fragment.xml": 1629743696266,
  "view/Entrega.fragment.xml": 1629743704614,
  "view/EnmiendaLote.fragment.xml": 1627333588341,
  "view/Enmienda.fragment.xml": 1631147123516,
  "view/EditarFEntregaInsumos.fragment.xml": 1627333588341,
  "view/EditarFEntrega.fragment.xml": 1627333588341,
  "view/EditPulv.fragment.xml": 1627333588341,
  "view/EditFert.fragment.xml": 1627333588341,
  "view/Disminuir.fragment.xml": 1627333588341,
  "view/Componentes.view.xml": 1629238237766,
  "view/BusyDialogLote.fragment.xml": 1627333588341,
  "view/BusyDialog.fragment.xml": 1627333588341,
  "view/AyudaPoligono.fragment.xml": 1629739544354,
  "view/AyudaEntregas.fragment.xml": 1629739579051,
  "view/App.view.xml": 1627333588341,
  "view/AnularInsumo.fragment.xml": 1627333588333,
  "view/Anular.fragment.xml": 1627333588333,
  "view/AgregarLote.fragment.xml": 1631214884000,
  "view/AgregarInsumo.view.xml": 1629238237766,
  "media/logo_GHB4.png": 1628795156148,
  "media/ayuda2.mp4": 1628795121830,
  "media/ayuda1.mp4": 1628874094237,
  "css/style.css": 1628794689779,
  "index.html": 1627336089782
}