{
  "controller/BaseController-dbg.js": 1629981668196,
  "includes/firma.js": 1629981668196,
  "model/models.js": 1629981668288,
  "model/formatter.js": 1629981668288,
  "manifest.json": 1635194778745,
  "controller/PuntoEntregaSemilla.controller.js": 1629981668196,
  "controller/PuntoEntrega.controller.js": 1629981668196,
  "controller/Poligono.controller.js": 1629981668196,
  "controller/Lotes.controller.js": 1635194735894,
  "controller/Componentes.controller.js": 1629981668196,
  "controller/BaseController.js": 1629981668196,
  "controller/App.controller.js": 1629981668196,
  "controller/AgregarInsumo.controller.js": 1635192303187,
  "Component.js": 1629981668196,
  "manifest-bundle.zip": 1635194775558,
  "Component-preload.js": 1635194777879,
  "model/models-dbg.js": 1629981668288,
  "model/formatter-dbg.js": 1629981668288,
  "includes/firma-dbg.js": 1629981668196,
  "controller/PuntoEntregaSemilla-dbg.controller.js": 1629981668196,
  "controller/PuntoEntrega-dbg.controller.js": 1629981668196,
  "controller/Poligono-dbg.controller.js": 1629981668196,
  "controller/Lotes-dbg.controller.js": 1635194735894,
  "controller/Componentes-dbg.controller.js": 1629981668196,
  "i18n/i18n.properties": 1635192303191,
  "controller/App-dbg.controller.js": 1629981668196,
  "controller/AgregarInsumo-dbg.controller.js": 1635192303187,
  "Component-dbg.js": 1629981668196,
  "resources.json": 1635194778752,
  "view/vhProdPulv.fragment.xml": 1629981668292,
  "view/vhProdFert.fragment.xml": 1629981668292,
  "view/PuntoEntregaSemilla.view.html": 1629981668292,
  "view/PuntoEntrega.view.html": 1629981668292,
  "view/ProductosPulv.fragment.xml": 1629981668292,
  "view/ProductosFert.fragment.xml": 1629981668292,
  "view/Poligono.view.html": 1629981668292,
  "view/Poligono.fragment.xml": 1629981668292,
  "view/Nota.fragment.xml": 1629981668292,
  "view/Mapa.fragment.xml": 1629981668292,
  "view/Lotes.view.xml": 1635192303191,
  "view/EntregaSemilla.fragment.xml": 1629981668292,
  "view/Entrega.fragment.xml": 1629981668292,
  "view/EnmiendaLote.fragment.xml": 1629981668292,
  "view/Enmienda.fragment.xml": 1635192303191,
  "view/EditarFEntregaInsumos.fragment.xml": 1629981668292,
  "view/EditarFEntrega.fragment.xml": 1629981668292,
  "view/EditPulv.fragment.xml": 1629981668292,
  "view/EditFert.fragment.xml": 1629981668292,
  "view/Disminuir.fragment.xml": 1629981668292,
  "view/Componentes.view.xml": 1629981668292,
  "view/BusyDialogLote.fragment.xml": 1629981668292,
  "view/BusyDialog.fragment.xml": 1629981668292,
  "view/AyudaPoligono.fragment.xml": 1629981668292,
  "view/AyudaEntregas.fragment.xml": 1629981668292,
  "view/App.view.xml": 1629981668292,
  "view/AnularInsumo.fragment.xml": 1629981668292,
  "view/Anular.fragment.xml": 1629981668292,
  "view/AgregarLote.fragment.xml": 1635192303191,
  "view/AgregarInsumo.view.xml": 1629981668288,
  "media/logo_GHB4.png": 1629981668288,
  "media/ayuda2.mp4": 1629981668288,
  "media/ayuda1.mp4": 1629981668228,
  "css/style.css": 1629981668196,
  "index.html": 1629981668196
}