{
  "controller/Poligono-dbg.controller.js": 1625231420994,
  "Component.js": 1625231420994,
  "model/models.js": 1625231420994,
  "model/formatter.js": 1625231420994,
  "includes/firma.js": 1625231420994,
  "controller/PuntoEntrega.controller.js": 1625231420994,
  "controller/Poligono.controller.js": 1625231420994,
  "controller/Lotes.controller.js": 1628264767673,
  "controller/Componentes.controller.js": 1627504786816,
  "controller/BaseController.js": 1625231420994,
  "controller/App.controller.js": 1625231420994,
  "controller/AgregarInsumo.controller.js": 1625231420994,
  "manifest.json": 1628278806023,
  "manifest-bundle.zip": 1628278803893,
  "Component-preload.js": 1628278805458,
  "controller/Componentes-dbg.controller.js": 1627504786816,
  "model/models-dbg.js": 1625231420994,
  "model/formatter-dbg.js": 1625231420994,
  "controller/PuntoEntrega-dbg.controller.js": 1625231420994,
  "i18n/i18n.properties": 1625231420994,
  "controller/Lotes-dbg.controller.js": 1628264767673,
  "includes/firma-dbg.js": 1625231420994,
  "controller/BaseController-dbg.js": 1625231420994,
  "controller/App-dbg.controller.js": 1625231420994,
  "controller/AgregarInsumo-dbg.controller.js": 1625231420994,
  "Component-dbg.js": 1625231420994,
  "resources.json": 1628278806031,
  "view/vhProdPulv.fragment.xml": 1627504786828,
  "view/vhProdFert.fragment.xml": 1627504786824,
  "view/PuntoEntrega.view.html": 1625231420998,
  "view/ProductosPulv.fragment.xml": 1627504786824,
  "view/ProductosFert.fragment.xml": 1627504786820,
  "view/Poligono.view.html": 1625231420994,
  "view/Poligono.fragment.xml": 1625231420994,
  "view/Mapa.fragment.xml": 1625231420994,
  "view/Lotes.view.xml": 1625231420994,
  "view/Entrega.fragment.xml": 1625231420994,
  "view/EnmiendaLote.fragment.xml": 1625231420994,
  "view/Enmienda.fragment.xml": 1625231420994,
  "view/EditarFEntregaInsumos.fragment.xml": 1625231420994,
  "view/EditarFEntrega.fragment.xml": 1625231420994,
  "view/EditPulv.fragment.xml": 1627504786820,
  "view/EditFert.fragment.xml": 1627504786816,
  "view/Disminuir.fragment.xml": 1625231420994,
  "view/Componentes.view.xml": 1625231420994,
  "view/BusyDialogLote.fragment.xml": 1625231420994,
  "view/BusyDialog.fragment.xml": 1625231420994,
  "view/App.view.xml": 1625231420994,
  "view/AnularInsumo.fragment.xml": 1625231420994,
  "view/Anular.fragment.xml": 1625231420994,
  "view/AgregarLote.fragment.xml": 1625231420994,
  "view/AgregarInsumo.view.xml": 1625231420994,
  "css/style.css": 1625231420994,
  "index.html": 1625231420994
}